袣邪褌械谐芯褉懈褟,袧邪蟹胁邪薪懈械,笑械薪邪
袛芯褋褌邪胁泻邪,袛芯 1 屑鲁,3500
袛芯褋褌邪胁泻邪,1-5 屑鲁,6000
袛芯褋褌邪胁泻邪,5-10 屑鲁,10400
袛芯褋褌邪胁泻邪,10-18 屑鲁,12700
袨斜褖械械,袟邪 袦袣袗袛 (褉褍斜/泻屑),75
袨斜褖械械,袩褉芯薪芯褋 芯褌 锌邪褉泻芯胁泻懈,900
袨斜褖械械,小泻懈写泻邪 锌邪褉褌薪褢褉 (%),30
袩芯写褗褢屑,袛懈胁邪薪 薪械褉邪蟹斜. 写芯 2屑,800
袩芯写褗褢屑,袛懈胁邪薪 薪械褉邪蟹斜. 写芯 3屑,1500
袩芯写褗褢屑,袛懈胁邪薪 褍谐谢芯胁芯泄,1500
袩芯写褗褢屑,袛懈胁邪薪 褉邪蟹斜芯褉薪褘泄,500
袩芯写褗褢屑,袣褉械褋谢芯,500
袩芯写褗褢屑,小褌褍谢/袩芯谢褍泻褉械褋谢芯/袩褍褎,350
袩芯写褗褢屑,袛械泻芯褉/小胁械褌,300
袩芯写褗褢屑,袘邪薪泻械褌泻邪/孝褍屑斜邪/小泻邪屑褜褟,500
袩芯写褗褢屑,小褌械谢谢邪卸 写芯 1屑,500
袩芯写褗褢屑,小褌械谢谢邪卸 写芯 2屑,1000
袩芯写褗褢屑,袣芯屑芯写/孝袙 写芯 60泻谐,700
袩芯写褗褢屑,袣芯屑芯写/孝袙 写芯 90泻谐,1500
袩芯写褗褢屑,袣芯屑芯写/孝袙 写芯 120泻谐,2000
袩芯写褗褢屑,袣芯屑芯写/孝袙 写芯 150泻谐,2500
袩芯写褗褢屑,袟械褉泻邪谢芯/袣邪褉褌懈薪邪 写芯 1屑,350
袩芯写褗褢屑,袟械褉泻邪谢芯/袣邪褉褌懈薪邪 斜芯谢械械 1屑,500
袩芯写褗褢屑,小褌芯谢/袣芯薪褋芯谢褜,500
袩芯写褗褢屑,小褌芯谢 芯斜械写械薪薪褘泄,800
袩芯写褗褢屑,小褌芯谢 屑褉邪屑芯褉 写芯 60泻谐,700
袩芯写褗褢屑,小褌芯谢 屑褉邪屑芯褉 写芯 90泻谐,1500
袩芯写褗褢屑,小褌芯谢 屑褉邪屑芯褉 写芯 120泻谐,2000
袩芯写褗褢屑,小褌芯谢 屑褉邪屑芯褉 写芯 150泻谐,2500
袩芯写褗褢屑,小褌芯谢 屑褉邪屑芯褉 写芯 200泻谐,3000
袩芯写褗褢屑,袣褉芯胁邪褌褜 褉邪蟹斜芯褉薪邪褟,500
袩芯写褗褢屑,袣褉芯胁邪褌褜 薪械褉邪蟹斜芯褉薪邪褟,1500
小斜芯褉泻邪,袛懈胁邪薪 锌褉褟屑芯泄,1800
小斜芯褉泻邪,袛懈胁邪薪 褍谐谢芯胁芯泄,3800
小斜芯褉泻邪,袣褉芯胁邪褌褜,4500
小斜芯褉泻邪,小褌械谢谢邪卸 写芯 1屑,800
小斜芯褉泻邪,小褌械谢谢邪卸 写芯 2屑,1600
小斜芯褉泻邪,袣芯屑芯写/孝袙-褌褍屑斜邪,1600
小斜芯褉泻邪,小褌芯谢/袣芯薪褋芯谢褜/孝芯褉褕械褉,800
小斜芯褉泻邪,袘邪薪泻械褌泻邪/袣褉械褋谢芯/小褌褍谢,800
小斜芯褉泻邪,小褌芯谢 芯斜械写械薪薪褘泄,1800
小斜芯褉泻邪,小褌芯谢懈泻 屑褉邪屑芯褉,1800
小斜芯褉泻邪,小褌芯谢 芯斜械写械薪薪褘泄 屑褉邪屑芯褉,4500
小斜芯褉泻邪,袟械褉泻邪谢芯/袣邪褉褌懈薪邪 写芯 1屑,2000
小斜芯褉泻邪,袟械褉泻邪谢芯/袣邪褉褌懈薪邪 斜芯谢械械 1屑,3000
小斜芯褉泻邪,楔泻邪褎/袘褍褎械褌 (% 芯褌 褋褌芯懈屑芯褋褌懈),7
小斜芯褉泻邪,袣芯褉锌褍褋薪邪褟 屑械斜械谢褜 (% 芯褌 褋褌芯懈屑芯褋褌懈),7
袨卸懈写邪薪懈械,袘械褋锌谢邪褌薪褘械 屑懈薪褍褌褘,15
袨卸懈写邪薪懈械,15-30 屑懈薪,2000
袨卸懈写邪薪懈械,30 屑懈薪 - 1 褔邪褋,4000
袛芯锌. 邪写褉械褋,袛芯 1 屑鲁,1600
袛芯锌. 邪写褉械褋,1-5 屑鲁,2700
袙褘械蟹写 薪邪 褋斜芯褉泻褍,袘邪蟹芯胁邪褟 褑械薪邪,4500
袙褘械蟹写 薪邪 褋斜芯褉泻褍,袟邪 袦袣袗袛 (褉褍斜/泻屑),70
啸褉邪薪械薪懈械,袟邪 写械薪褜 蟹邪 屑鲁,350
校锌邪泻芯胁泻邪,袩褍蟹褘褉褔邪褌邪褟 锌谢褢薪泻邪 (蟹邪 屑械褌褉),150
袩芯褔邪褋芯胁邪褟,袟邪 褔械谢芯胁械泻邪 胁 褔邪褋,1200
